publication_date,job_type,job,company_name,city,country
2024-04-12,external,Pharmacy Technician,CVS Health,Concord,NH
2024-06-06,external,Store Associate,CVS Health,Washington,DC
2024-04-17,external,Senior Information Security Architect (Mobile Security),Bank of America,Chicago,IL
2024-04-17,external,Senior Information Security Architect (Mobile Security),Bank of America,Denver,CO
2023-06-17,external,Software Engineer (Go),Cisco Meraki,Duisburg,Germany
2024-06-06,external,Shift Supervisor Trainee,CVS Health,Brunswick,GA
2023-05-23,external,Software Architect with Process Automation Domain,Siemens,Bangalore,India
2024-06-06,external,Pharmacy Technician,CVS Health,Gainesville,GA
2024-06-06,external,Pharmacy Technician,CVS Health,Huntington Station,NY
2023-04-10,external,シーメンス株式会社大崎本社 インターンシップ(2025),Siemens,Tokyo,Japan
2023-04-19,external,"DOD SkillBridge Internship - Technical Sales - Cypress, CA",Siemens,Cypress,CA
2024-05-16,external,Clinical Solution Consultant - General Imaging Ultrasound (West Virginia and Western Virginia),Philips,Charleston,WV
2024-05-16,external,Clinical Solution Consultant - General Imaging Ultrasound (West Virginia and Western Virginia),Philips,Flexible, Remote
2024-05-16,external,Clinical Solution Consultant - General Imaging Ultrasound (West Virginia and Western Virginia),Philips,Roanoke,VA
2024-06-13,external,Drive with Lyft - Features made for women + enby drivers,Lyft,Santa Fe,NM
2024-06-06,external,Shift Supervisor Trainee,CVS Health,Lakeland,FL
2024-06-06,external,Retail Store Manager,CVS Health,Mesquite,TX
2024-06-06,external,Pharmacy Technician,CVS Health,Mason,OH
2023-04-14,external,Responsable de lot Essais et intégration en usine h/f,Siemens,Paris,France
2023-02-08,external,Technischer Trainer (w/m/d) TIA Portal und SIMATIC S7,Siemens,Bielefeld,Germany
2024-06-06,external,Dist Suppt Pharmacist FT,CVS Health,Lafayette,LA
2024-06-06,external,Store Associate,CVS Health,Houston,TX
2024-06-06,external,Store Associate,CVS Health,Kokomo,IN
